,label
0,5
1,13
2,1
3,6
4,8
5,4
6,12
7,14
8,9
9,4
10,6
11,3
12,8
13,13
14,5
15,4
16,2
17,14
18,3
19,4
20,15
21,10
22,6
23,12
24,14
25,2
26,14
27,3
28,3
29,3
30,0
31,12
32,7
33,7
34,9
35,12
36,2
37,9
38,4
39,4
40,10
41,8
42,13
43,4
44,6
45,4
46,9
47,12
48,14
49,17
50,6
51,5
52,11
53,5
54,0
55,1
56,1
57,16
58,5
59,1
60,4
61,8
62,10
63,7
64,5
65,3
66,7
67,8
68,16
69,6
70,11
71,12
72,4
73,11
74,5
75,7
76,3
77,8
78,3
79,11
80,15
81,7
82,6
83,14
84,8
85,16
86,8
87,5
88,5
89,4
90,15
91,-1
92,6
93,1
94,5
95,4
96,8
97,13
98,8
99,7
100,7
101,16
102,1
103,1
104,7
105,10
106,15
107,7
108,13
109,3
110,1
111,2
112,0
113,4
114,8
115,9
116,15
117,14
118,17
119,6
120,5
121,2
122,3
123,6
124,8
125,20
126,3
127,1
128,5
129,9
130,9
131,5
132,8
133,3
134,4
135,2
136,7
137,8
138,14
139,15
140,1
141,11
142,6
143,3
144,15
145,8
146,21
147,1
148,5
149,5
150,5
151,17
152,7
153,6
154,2
155,8
156,4
157,8
158,8
159,4
160,4
161,4
162,12
163,18
164,15
165,16
166,11
167,7
168,12
169,2
170,6
171,8
172,8
173,9
174,0
175,9
176,15
177,3
178,2
179,13
180,0
181,6
182,5
183,3
184,16
185,12
186,14
187,2
188,3
189,7
190,2
191,7
192,16
193,1
194,9
195,5
196,2
197,5
198,15
199,17
200,9
201,1
202,5
203,12
204,7
205,6
206,11
207,4
208,3
209,6
210,3
211,7
212,5
213,3
214,3
215,4
216,4
217,3
218,4
219,8
220,13
221,8
222,1
223,3
224,4
225,12
226,9
227,8
228,5
229,5
230,11
231,12
232,9
233,12
234,6
235,4
236,7
237,8
238,8
239,3
240,2
241,5
242,2
243,12
244,4
245,12
246,9
247,20
248,15
249,11
250,12
251,1
252,1
253,10
254,3
255,7
256,7
257,5
258,3
259,5
260,4
261,9
262,7
263,10
264,2
265,8
266,9
267,4
268,4
269,7
270,4
271,13
272,13
273,10
274,11
275,9
276,0
277,1
278,-1
279,3
280,4
281,9
282,18
283,6
284,5
285,-1
286,6
287,1
288,0
289,1
290,5
291,15
292,5
293,3
294,9
295,12
296,1
297,11
298,3
299,-1
300,14
301,7
302,6
303,1
304,12
305,8
306,7
307,2
308,5
309,15
310,1
311,1
312,3
313,9
314,15
315,3
316,10
317,6
318,9
319,6
320,7
321,6
322,9
323,8
324,4
325,15
326,7
327,14
328,12
329,14
330,13
331,3
332,11
333,10
334,5
335,16
336,10
337,3
338,2
339,8
340,3
341,7
342,13
343,4
344,16
345,7
346,15
347,5
348,9
349,1
350,1
351,14
352,4
353,3
354,10
355,11
356,1
357,0
358,7
359,8
360,0
361,11
362,7
363,3
364,1
365,2
366,4
367,15
368,8
369,3
370,10
371,3
372,1
373,13
374,7
375,4
376,5
377,14
378,13
379,4
380,2
381,14
382,7
383,1
384,0
385,1
386,8
387,7
388,4
389,2
390,15
391,6
392,12
393,6
394,4
395,18
396,5
397,0
398,12
399,16
400,10
401,5
402,7
403,5
404,3
405,10
406,6
407,11
408,6
409,6
410,11
411,13
412,9
413,1
414,0
415,2
416,16
417,1
418,1
419,12
420,1
421,4
422,1
423,2
424,6
425,5
426,3
427,6
428,4
429,4
430,4
431,13
432,6
433,8
434,6
435,7
436,6
437,2
438,5
439,8
440,2
441,1
442,12
443,7
444,0
445,5
446,10
447,6
448,4
449,6
450,2
451,4
452,5
453,10
454,18
455,10
456,4
457,1
458,5
459,10
460,5
461,7
462,5
463,2
464,5
465,4
466,6
467,2
468,13
469,6
470,12
471,6
472,0
473,1
474,14
475,4
476,9
477,3
478,4
479,1
480,9
481,3
482,1
483,3
484,7
485,4
486,8
487,11
488,6
489,4
490,5
491,9
492,5
493,11
494,1
495,1
496,15
497,8
498,4
499,10
500,5
501,15
502,19
503,9
504,7
505,28
506,8
507,4
508,7
509,3
510,4
511,11
512,5
513,14
514,1
515,7
516,1
517,4
518,4
519,0
520,6
521,1
522,6
523,8
524,5
525,5
526,13
527,4
528,7
529,12
530,13
531,10
532,2
533,12
534,3
535,16
536,3
537,5
538,2
539,13
540,13
541,7
542,12
543,16
544,15
545,4
546,2
547,13
548,16
549,18
550,13
551,12
552,6
553,1
554,10
555,14
556,4
557,7
558,18
559,9
560,8
561,3
562,12
563,7
564,3
565,12
566,7
567,10
568,11
569,4
570,-1
571,13
572,1
573,14
574,3
575,7
576,4
577,15
578,6
579,7
580,14
581,6
582,0
583,4
584,1
585,14
586,4
587,14
588,4
589,2
590,3
591,2
592,16
593,7
594,5
595,2
596,6
597,5
598,7
599,14
600,5
601,11
602,9
603,7
604,6
605,6
606,11
607,6
608,5
609,13
610,11
611,0
612,10
613,2
614,0
615,14
616,4
617,7
618,7
619,4
620,6
621,1
622,16
623,15
624,4
625,11
626,4
627,2
628,3
629,13
630,3
631,2
632,15
633,9
634,2
635,15
636,9
637,5
638,3
639,8
640,4
641,0
642,16
643,4
644,18
645,7
646,0
647,8
648,11
649,6
650,14
651,2
652,17
653,15
654,2
655,15
656,1
657,17
658,14
659,5
660,2
661,6
662,14
663,10
664,7
665,3
666,3
667,8
668,8
669,14
670,2
671,1
672,9
673,6
674,12
675,6
676,13
677,8
678,5
679,10
680,4
681,2
682,4
683,14
684,5
685,6
686,2
687,7
688,16
689,4
690,2
691,4
692,5
693,1
694,16
695,3
696,6
697,15
698,0
699,13
700,14
701,19
702,15
703,6
704,2
705,7
706,3
707,3
708,7
709,7
710,3
711,2
712,13
713,4
714,12
715,4
716,7
717,9
718,16
719,8
720,3
721,15
722,13
723,1
724,17
725,1
726,5
727,3
728,8
729,6
730,2
731,0
732,16
733,5
734,5
735,6
736,0
737,10
738,1
739,6
740,9
741,6
742,5
743,20
744,7
745,6
746,15
747,16
748,14
749,8
750,0
751,17
752,6
753,0
754,4
755,6
756,4
757,5
758,5
759,7
760,5
761,2
762,7
763,15
764,17
765,17
766,2
767,4
768,10
769,9
770,4
771,17
772,7
773,15
774,7
775,14
776,6
777,5
778,6
779,14
780,17
781,14
782,11
783,10
784,14
785,5
786,7
787,9
788,7
789,8
790,1
791,5
792,6
793,6
794,9
795,6
796,3
797,8
798,1
799,10
800,1
801,5
802,3
803,2
804,4
805,8
806,8
807,2
808,9
809,15
810,11
811,12
812,7
813,8
814,5
815,1
816,16
817,15
818,9
819,8
820,10
821,11
822,3
823,1
824,11
825,16
826,6
827,5
828,2
829,5
830,2
831,4
832,11
833,9
834,0
835,2
836,9
837,3
838,7
839,14
840,5
841,2
842,1
843,4
844,15
845,7
846,13
847,9
848,2
849,3
850,20
851,4
852,4
853,12
854,10
855,9
856,4
857,2
858,7
859,3
860,8
861,15
862,8
863,4
864,11
865,8
866,13
867,2
868,12
869,6
870,14
871,7
872,3
873,4
874,9
875,2
876,8
877,1
878,7
879,2
880,2
881,7
882,3
883,8
884,14
885,11
886,4
887,11
888,5
889,4
890,5
891,3
892,4
893,5
894,5
895,29
896,0
897,1
898,2
899,7
900,6
901,7
902,2
903,3
904,15
905,4
906,14
907,5
908,14
909,4
910,3
911,8
912,20
913,5
914,12
915,2
916,7
917,4
918,3
919,9
920,9
921,2
922,7
923,13
924,4
925,1
926,16
927,1
928,0
929,14
930,9
931,9
932,8
933,9
934,4
935,2
936,11
937,2
938,1
939,5
940,5
941,7
942,14
943,9
944,5
945,0
946,16
947,6
948,4
949,3
950,7
951,13
952,2
953,1
954,5
955,5
956,11
957,9
958,5
959,5
960,8
961,4
962,4
963,1
964,1
965,11
966,12
967,-1
968,6
969,3
970,6
971,11
972,6
973,8
974,5
975,17
976,13
977,8
978,13
979,1
980,4
981,8
982,5
983,4
984,4
985,2
986,5
987,7
988,6
989,8
990,8
991,4
992,5
993,17
994,8
995,2
996,5
997,7
998,14
999,5
1000,2
1001,4
1002,2
1003,11
1004,15
1005,5
1006,7
1007,4
1008,6
1009,2
1010,7
1011,16
1012,5
1013,14
1014,2
1015,0
1016,6
1017,5
1018,12
1019,4
1020,2
1021,3
1022,13
1023,13
1024,5
1025,2
1026,11
1027,1
1028,6
1029,3
1030,12
1031,7
1032,13
1033,5
1034,18
1035,6
1036,6
1037,13
1038,12
1039,2
1040,9
1041,14
1042,14
1043,0
1044,5
1045,12
1046,17
1047,9
1048,12
1049,7
1050,7
1051,7
1052,11
1053,8
1054,3
1055,2
1056,4
1057,6
1058,6
1059,7
1060,2
1061,1
1062,4
1063,10
1064,13
1065,1
1066,6
1067,4
1068,7
1069,5
1070,11
1071,11
1072,11
1073,5
1074,11
1075,7
1076,4
1077,11
1078,1
1079,18
1080,4
1081,12
1082,10
1083,12
1084,10
1085,8
1086,1
1087,0
1088,8
1089,1
1090,3
1091,7
1092,16
1093,3
1094,13
1095,4
1096,16
1097,5
1098,2
1099,7
1100,3
1101,21
1102,11
1103,6
1104,3
1105,1
1106,6
1107,9
1108,1
1109,1
1110,0
1111,6
1112,1
1113,5
1114,18
1115,8
1116,8
1117,1
1118,7
1119,2
1120,1
1121,13
1122,2
1123,10
1124,17
1125,3
1126,8
1127,3
1128,11
1129,5
1130,9
1131,8
1132,7
1133,15
1134,2
1135,11
1136,15
1137,12
1138,2
1139,7
1140,6
1141,6
1142,9
1143,9
1144,1
1145,3
1146,9
1147,3
1148,2
1149,1
1150,13
1151,1
1152,8
1153,19
1154,2
1155,1
1156,4
1157,6
1158,6
1159,13
1160,3
1161,3
1162,3
1163,4
1164,7
1165,3
1166,12
1167,5
1168,5
1169,3
1170,16
1171,1
1172,1
1173,6
1174,20
1175,9
1176,4
1177,9
1178,7
1179,4
1180,14
1181,13
1182,13
1183,5
1184,17
1185,7
1186,17
1187,14
1188,5
1189,12
1190,13
1191,8
1192,6
1193,17
1194,5
1195,0
1196,3
1197,16
1198,14
1199,8
1200,7
1201,7
1202,14
1203,19
1204,4
1205,15
1206,3
1207,4
1208,10
1209,7
1210,16
1211,3
1212,1
1213,6
1214,14
1215,3
1216,14
1217,17
1218,1
1219,7
1220,6
1221,2
1222,7
1223,14
1224,7
1225,1
1226,1
1227,10
1228,16
1229,5
1230,13
1231,5
1232,3
1233,5
1234,13
1235,7
1236,11
1237,7
1238,5
1239,12
1240,3
1241,4
1242,17
1243,3
1244,4
1245,3
1246,6
1247,2
1248,8
1249,13
1250,6
1251,14
1252,7
1253,6
1254,7
1255,14
1256,0
1257,15
1258,3
1259,5
1260,11
1261,4
1262,1
1263,11
1264,6
1265,9
1266,11
1267,8
1268,13
1269,7
1270,11
1271,8
1272,12
1273,11
1274,13
1275,15
1276,13
1277,14
1278,2
1279,3
1280,6
1281,10
1282,7
1283,6
1284,11
1285,13
1286,3
1287,6
1288,0
1289,4
1290,2
1291,12
1292,4
1293,15
1294,14
1295,2
1296,5
1297,13
1298,14
1299,8
1300,2
1301,7
1302,6
1303,5
1304,6
1305,7
1306,10
1307,16
1308,2
1309,5
1310,3
1311,16
1312,14
1313,4
1314,14
1315,5
1316,13
1317,8
1318,7
1319,12
1320,5
1321,18
1322,5
1323,3
1324,1
1325,16
1326,2
1327,5
1328,7
1329,5
1330,5
1331,7
1332,0
1333,6
1334,10
1335,6
1336,4
1337,13
1338,7
1339,12
1340,4
1341,3
1342,5
1343,5
1344,15
1345,3
1346,2
1347,3
1348,7
1349,16
1350,10
1351,8
1352,1
1353,12
1354,13
1355,7
1356,11
1357,8
1358,15
1359,5
1360,1
1361,8
1362,6
1363,2
1364,7
1365,7
1366,6
1367,8
1368,0
1369,11
1370,9
1371,9
1372,1
1373,13
1374,5
1375,13
1376,1
1377,5
1378,1
1379,4
1380,4
1381,1
1382,14
1383,16
1384,4
1385,1
1386,5
1387,6
1388,0
1389,15
1390,5
1391,4
1392,7
1393,3
1394,1
1395,1
1396,3
1397,4
1398,1
1399,8
1400,7
1401,14
1402,17
1403,1
1404,15
1405,13
1406,10
1407,6
1408,8
1409,7
1410,2
1411,1
1412,15
1413,6
1414,3
1415,3
1416,8
1417,5
1418,11
1419,8
1420,12
1421,6
1422,8
1423,4
1424,1
1425,1
1426,6
1427,3
1428,6
1429,8
1430,14
1431,6
1432,3
1433,9
1434,8
1435,2
1436,11
1437,16
1438,11
1439,1
1440,4
1441,4
1442,3
1443,3
1444,4
1445,5
1446,14
1447,28
1448,9
1449,14
1450,6
1451,16
1452,5
1453,5
1454,1
1455,5
1456,3
1457,5
1458,1
1459,13
1460,2
1461,7
1462,14
1463,14
1464,15
1465,4
1466,13
1467,3
1468,3
1469,8
1470,13
1471,4
1472,2
1473,17
1474,15
1475,5
1476,6
1477,3
1478,16
1479,6
1480,6
1481,5
1482,9
1483,3
1484,10
1485,7
1486,8
1487,4
1488,1
1489,6
1490,5
1491,16
1492,5
1493,4
1494,2
1495,13
1496,16
1497,12
1498,12
1499,6
1500,20
1501,16
1502,14
1503,13
1504,4
1505,8
1506,15
1507,8
1508,4
1509,4
1510,7
1511,10
1512,1
1513,12
1514,5
1515,8
1516,14
1517,6
1518,7
1519,1
1520,8
1521,2
1522,4
1523,2
1524,1
1525,6
1526,2
1527,8
1528,1
1529,13
1530,8
1531,5
1532,7
1533,13
1534,2
1535,2
1536,7
1537,4
1538,-1
1539,12
1540,8
1541,12
1542,13
1543,2
1544,3
1545,13
1546,7
1547,1
1548,2
1549,8
1550,11
1551,15
1552,15
1553,2
1554,2
1555,5
1556,4
1557,13
1558,3
1559,10
1560,8
1561,10
1562,12
1563,2
1564,4
1565,12
1566,4
1567,6
1568,9
1569,6
1570,4
1571,12
1572,8
1573,9
1574,10
1575,4
1576,5
1577,9
1578,8
1579,5
1580,7
1581,10
1582,6
1583,9
1584,9
1585,6
1586,0
1587,7
1588,11
1589,1
1590,16
1591,7
1592,1
1593,1
1594,5
1595,2
1596,15
1597,6
1598,1
1599,13
1600,4
1601,4
1602,0
1603,3
1604,4
1605,17
1606,2
1607,6
1608,3
1609,19
1610,7
1611,5
1612,7
1613,7
1614,15
1615,1
1616,4
1617,7
1618,9
1619,5
1620,3
1621,5
1622,5
1623,6
1624,3
1625,2
1626,5
1627,15
1628,8
1629,16
1630,11
1631,6
1632,15
1633,17
1634,14
1635,15
1636,2
1637,11
1638,2
1639,6
1640,7
1641,15
1642,3
1643,13
1644,12
1645,3
1646,3
1647,9
1648,11
1649,18
1650,11
1651,1
1652,4
1653,2
1654,3
1655,1
1656,6
1657,2
1658,5
1659,12
1660,5
1661,7
1662,4
1663,9
1664,2
1665,0
1666,4
1667,10
1668,4
1669,5
1670,6
1671,6
1672,13
1673,6
1674,0
1675,10
1676,17
1677,13
1678,3
1679,12
1680,3
1681,4
1682,21
1683,6
1684,5
1685,9
1686,2
1687,12
1688,3
1689,14
1690,10
1691,7
1692,1
1693,11
1694,5
1695,8
1696,1
1697,5
1698,6
1699,0
1700,3
1701,14
1702,3
1703,6
1704,2
1705,6
1706,4
1707,13
1708,2
1709,5
1710,4
1711,8
1712,5
1713,13
1714,3
1715,2
1716,2
1717,8
1718,3
1719,4
1720,4
1721,5
1722,12
1723,3
1724,18
1725,1
1726,4
1727,3
1728,14
1729,14
1730,3
1731,9
1732,8
1733,14
1734,15
1735,5
1736,6
1737,1
1738,4
1739,2
1740,20
1741,8
1742,20
1743,7
1744,9
1745,8
1746,3
1747,10
1748,12
1749,7
1750,6
1751,16
1752,8
1753,2
1754,10
1755,1
1756,3
1757,3
1758,3
1759,2
1760,6
1761,4
1762,10
1763,0
1764,5
1765,19
1766,4
1767,7
1768,13
1769,3
1770,4
1771,2
1772,4
1773,13
1774,3
1775,8
1776,6
1777,3
1778,8
1779,2
1780,3
1781,7
1782,2
1783,2
1784,1
1785,1
1786,15
1787,4
1788,6
1789,9
1790,2
1791,5
1792,10
1793,7
1794,3
1795,2
1796,16
1797,2
1798,1
1799,16
1800,4
1801,15
1802,7
1803,2
1804,3
1805,7
1806,3
1807,15
1808,6
1809,19
1810,3
1811,3
1812,2
1813,8
1814,4
1815,9
1816,3
1817,4
1818,4
1819,8
1820,7
1821,20
1822,3
1823,3
1824,1
1825,10
1826,5
1827,7
1828,6
1829,9
1830,7
1831,14
1832,1
1833,14
1834,6
1835,8
1836,16
1837,7
1838,1
1839,9
1840,0
1841,14
1842,0
1843,13
1844,5
1845,1
1846,5
1847,8
1848,6
1849,16
1850,16
1851,9
1852,4
1853,3
1854,1
1855,9
1856,15
1857,3
1858,22
1859,7
1860,5
1861,0
1862,8
1863,1
1864,4
1865,13
1866,12
1867,6
1868,3
1869,1
1870,6
1871,2
1872,16
1873,16
1874,7
1875,9
1876,5
1877,6
1878,4
1879,3
1880,3
1881,9
1882,13
1883,6
1884,6
1885,7
1886,2
1887,5
1888,9
1889,15
1890,9
1891,4
1892,9
1893,4
1894,2
1895,11
1896,7
1897,9
1898,13
1899,2
1900,15
1901,8
1902,5
1903,8
1904,10
1905,9
1906,16
1907,9
1908,6
1909,13
1910,3
1911,7
1912,3
1913,7
1914,17
1915,14
1916,7
1917,9
1918,1
1919,16
1920,7
1921,2
1922,15
1923,6
1924,3
1925,7
1926,15
1927,4
1928,15
1929,4
1930,9
1931,2
1932,2
1933,6
1934,5
1935,9
1936,5
1937,20
1938,8
1939,1
1940,3
1941,5
1942,13
1943,12
1944,16
1945,13
1946,4
1947,2
1948,16
1949,1
1950,2
1951,6
1952,8
1953,13
1954,4
1955,3
1956,5
1957,5
1958,17
1959,11
1960,13
1961,3
1962,8
1963,14
1964,5
1965,1
1966,12
1967,15
1968,17
1969,-1
1970,3
1971,7
1972,4
1973,5
1974,11
1975,16
1976,7
1977,8
1978,16
1979,11
1980,10
1981,5
1982,2
1983,10
1984,3
1985,13
1986,13
1987,1
1988,-1
1989,4
1990,16
1991,0
1992,5
1993,15
1994,17
1995,8
1996,6
1997,1
1998,13
1999,1
2000,5
2001,10
2002,15
2003,6
2004,5
2005,2
2006,5
2007,8
2008,14
2009,7
2010,8
2011,4
2012,4
2013,9
2014,2
2015,1
2016,6
2017,4
2018,8
2019,10
2020,1
2021,10
2022,1
2023,2
2024,6
2025,4
2026,6
2027,13
2028,0
2029,10
2030,7
2031,7
2032,5
2033,2
2034,15
2035,3
2036,7
2037,4
2038,12
2039,5
2040,11
2041,5
2042,1
2043,12
2044,4
2045,8
2046,11
2047,13
2048,2
2049,3
2050,15
2051,0
2052,9
2053,6
2054,1
2055,3
2056,9
2057,16
2058,7
2059,15
2060,2
2061,11
2062,13
2063,9
2064,10
2065,5
2066,6
2067,3
2068,8
2069,9
2070,6
2071,6
2072,3
2073,9
2074,13
2075,1
2076,5
2077,14
2078,13
2079,7
2080,5
2081,16
2082,8
2083,7
2084,1
2085,3
2086,3
2087,21
2088,3
2089,13
2090,12
2091,3
2092,11
2093,14
2094,16
2095,1
2096,3
2097,2
2098,2
2099,8
2100,4
2101,7
2102,8
2103,16
2104,13
2105,2
2106,5
2107,4
2108,6
2109,10
2110,5
2111,17
2112,8
2113,6
2114,5
2115,9
2116,8
2117,4
2118,5
2119,11
2120,2
2121,6
2122,6
2123,12
2124,6
2125,12
2126,8
2127,5
2128,18
2129,3
2130,4
2131,16
2132,6
2133,6
2134,11
2135,3
2136,9
2137,7
2138,2
2139,10
2140,11
2141,1
2142,4
2143,7
2144,6
2145,2
2146,3
2147,2
2148,14
2149,15
2150,2
2151,18
2152,9
2153,13
2154,5
2155,14
2156,16
2157,4
2158,9
2159,8
2160,3
2161,17
2162,4
2163,1
2164,5
2165,0
2166,2
2167,1
2168,1
2169,2
2170,14
2171,3
2172,1
2173,10
2174,4
2175,5
2176,14
2177,5
2178,11
2179,5
2180,1
2181,4
2182,15
2183,0
2184,-1
2185,4
2186,9
2187,3
2188,2
2189,6
2190,7
2191,6
2192,4
2193,10
2194,1
2195,5
2196,3
2197,1
2198,0
2199,13
2200,3
2201,15
2202,7
2203,2
2204,6
2205,0
2206,3
2207,1
2208,8
2209,9
2210,2
2211,14
2212,6
2213,5
2214,5
2215,1
2216,14
2217,12
2218,6
2219,3
2220,11
2221,8
2222,13
2223,5
2224,7
2225,8
2226,9
2227,7
2228,2
2229,3
2230,16
2231,3
2232,2
2233,4
2234,2
2235,5
2236,7
2237,7
2238,0
2239,1
2240,9
2241,1
2242,13
2243,8
2244,1
2245,5
2246,3
2247,7
2248,3
2249,5
2250,6
2251,3
2252,6
2253,15
2254,10
2255,7
2256,11
2257,3
2258,4
2259,2
2260,6
2261,10
2262,13
2263,0
2264,7
2265,5
2266,17
2267,7
2268,5
2269,17
2270,5
2271,17
2272,4
2273,6
2274,21
2275,-1
2276,13
2277,8
2278,6
2279,12
2280,11
2281,15
2282,3
2283,9
2284,20
2285,3
2286,4
2287,4
2288,3
2289,8
2290,1
2291,6
2292,2
2293,13
2294,2
2295,4
2296,15
2297,1
2298,13
2299,7
2300,2
2301,6
2302,3
2303,7
2304,14
2305,2
2306,3
2307,4
2308,8
2309,14
2310,16
2311,3
2312,12
2313,5
2314,9
2315,2
2316,2
2317,16
2318,6
2319,6
2320,5
2321,6
2322,2
2323,9
2324,6
2325,3
2326,2
2327,10
2328,2
2329,1
2330,0
2331,3
2332,7
2333,12
2334,7
2335,7
2336,7
2337,6
2338,11
2339,7
2340,8
2341,11
2342,4
2343,3
2344,4
2345,8
2346,7
2347,0
2348,6
2349,12
2350,4
2351,5
2352,7
2353,6
2354,5
2355,19
2356,5
2357,1
2358,6
2359,14
2360,4
2361,17
2362,0
2363,0
2364,2
2365,15
2366,16
2367,14
2368,3
2369,4
2370,3
2371,5
2372,5
2373,6
2374,4
2375,3
2376,7
2377,4
2378,5
2379,0
2380,3
2381,4
2382,7
2383,6
2384,8
2385,9
2386,1
2387,3
2388,3
2389,12
2390,10
2391,0
2392,11
2393,5
2394,8
2395,3
2396,7
2397,8
2398,15
2399,13
2400,10
2401,6
2402,1
2403,15
2404,13
2405,4
2406,8
2407,0
2408,9
2409,5
2410,6
2411,4
2412,0
2413,2
2414,15
2415,16
2416,14
2417,10
2418,6
2419,14
2420,8
2421,10
2422,2
2423,10
2424,11
2425,12
2426,9
2427,4
2428,1
2429,1
2430,1
2431,11
2432,17
2433,1
2434,5
2435,3
2436,7
2437,3
2438,6
2439,10
2440,9
2441,1
2442,1
2443,4
2444,9
2445,7
2446,12
2447,2
2448,13
2449,8
2450,17
2451,9
2452,2
2453,14
2454,10
2455,16
2456,11
2457,9
2458,4
2459,2
2460,11
2461,4
2462,5
2463,1
2464,2
2465,3
2466,4
2467,0
2468,3
2469,7
2470,2
2471,12
2472,18
2473,18
2474,13
2475,8
2476,14
2477,4
2478,1
2479,5
2480,7
2481,11
2482,18
2483,8
2484,6
2485,9
2486,12
2487,5
2488,13
2489,2
2490,9
2491,10
2492,9
2493,3
2494,1
2495,1
2496,6
2497,8
2498,7
2499,2
2500,4
2501,4
2502,6
2503,0
2504,17
2505,4
2506,15
2507,5
2508,9
2509,5
2510,13
2511,3
2512,4
2513,16
2514,2
2515,2
2516,2
2517,12
2518,3
2519,24
2520,9
2521,6
2522,10
2523,14
2524,5
2525,4
2526,5
2527,5
2528,1
2529,1
2530,0
2531,4
2532,13
2533,6
2534,10
2535,2
2536,7
2537,13
2538,5
2539,5
2540,11
2541,4
2542,4
2543,11
2544,10
2545,13
2546,3
2547,8
2548,5
2549,9
2550,1
2551,11
2552,9
2553,7
2554,5
2555,8
2556,5
2557,8
2558,5
2559,4
2560,1
2561,6
2562,3
2563,6
2564,4
2565,4
2566,10
2567,7
2568,10
2569,2
2570,12
2571,2
2572,8
2573,6
2574,13
2575,13
2576,6
2577,8
2578,17
2579,8
2580,12
2581,5
2582,13
2583,4
2584,6
2585,5
2586,16
2587,11
2588,10
2589,8
2590,14
2591,3
2592,2
2593,5
2594,11
2595,2
2596,5
2597,13
2598,3
2599,6
2600,16
2601,16
2602,2
2603,14
2604,11
2605,0
2606,6
2607,14
2608,1
2609,5
2610,9
2611,0
2612,9
2613,3
2614,3
2615,15
2616,9
2617,3
2618,6
2619,7
2620,0
2621,9
2622,12
2623,8
2624,4
2625,12
2626,6
2627,17
2628,2
2629,4
2630,1
2631,1
2632,6
2633,11
2634,4
2635,1
2636,10
2637,2
2638,4
2639,14
2640,13
2641,1
2642,7
2643,2
2644,8
2645,7
2646,0
2647,6
2648,8
2649,1
2650,0
2651,19
2652,9
2653,15
2654,9
2655,4
2656,2
2657,-1
2658,6
2659,1
2660,7
2661,13
2662,14
2663,4
2664,6
2665,3
2666,2
2667,4
2668,3
2669,7
2670,4
2671,13
2672,1
2673,10
2674,6
2675,9
2676,9
2677,4
2678,9
2679,12
2680,4
2681,7
2682,6
2683,8
2684,7
2685,2
2686,12
2687,6
2688,12
2689,14
2690,7
2691,1
2692,12
2693,11
2694,5
2695,5
2696,4
2697,12
2698,13
2699,4
2700,7
2701,7
2702,7
2703,2
2704,5
2705,1
2706,3
2707,6
2708,5
2709,0
2710,14
2711,1
2712,15
2713,8
2714,19
2715,8
2716,14
2717,8
2718,7
2719,10
2720,0
2721,9
2722,4
2723,1
2724,15
2725,0
2726,7
2727,3
2728,9
2729,14
2730,7
2731,10
2732,9
2733,3
2734,10
2735,14
2736,5
2737,4
2738,14
2739,13
2740,15
2741,4
2742,4
2743,15
2744,5
2745,1
2746,9
2747,16
2748,12
2749,3
2750,6
2751,12
2752,9
2753,0
2754,7
2755,13
2756,14
2757,12
2758,5
2759,8
2760,9
2761,6
2762,10
2763,15
2764,4
2765,3
2766,13
2767,14
2768,11
2769,6
2770,8
2771,2
2772,6
2773,1
2774,4
2775,11
2776,9
2777,1
2778,5
2779,13
2780,5
2781,1
2782,17
2783,6
2784,6
2785,17
2786,1
2787,3
2788,9
2789,2
2790,9
2791,12
2792,11
2793,9
2794,12
2795,8
2796,7
2797,3
2798,-1
2799,9
2800,3
2801,18
2802,5
2803,5
2804,2
2805,14
2806,4
2807,1
2808,12
2809,13
2810,13
2811,9
2812,5
2813,7
2814,14
2815,5
2816,17
2817,2
2818,14
2819,6
2820,11
2821,6
2822,10
2823,1
2824,4
2825,1
2826,9
2827,4
2828,7
2829,0
2830,6
2831,5
2832,1
2833,6
2834,5
2835,10
2836,14
2837,1
2838,3
2839,8
2840,7
2841,14
2842,2
2843,6
2844,9
2845,3
2846,2
2847,4
2848,14
2849,4
2850,19
2851,5
2852,13
2853,13
2854,6
2855,4
2856,15
2857,8
2858,6
2859,6
2860,4
2861,7
2862,4
2863,14
2864,17
2865,5
2866,1
2867,9
2868,3
2869,2
2870,17
2871,7
2872,2
2873,9
2874,5
2875,8
2876,2
2877,2
2878,7
2879,6
2880,6
2881,3
2882,5
2883,1
2884,4
2885,2
2886,10
2887,8
2888,5
2889,0
2890,2
2891,14
2892,3
2893,17
2894,1
2895,8
2896,7
2897,2
2898,10
2899,2
2900,19
2901,13
2902,4
2903,4
2904,1
2905,17
2906,10
2907,14
2908,3
2909,6
2910,15
2911,18
2912,12
2913,3
2914,1
2915,13
2916,14
2917,-1
2918,6
2919,1
2920,7
2921,14
2922,7
2923,15
2924,7
2925,17
2926,7
2927,2
2928,9
2929,8
2930,0
2931,4
2932,0
2933,3
2934,3
2935,3
2936,8
2937,1
2938,14
2939,3
2940,5
2941,8
2942,5
2943,15
2944,7
2945,6
2946,4
2947,8
2948,11
2949,13
2950,4
2951,14
2952,5
2953,1
2954,3
2955,14
2956,14
2957,10
2958,6
2959,3
2960,6
2961,9
2962,7
2963,5
2964,1
2965,1
2966,5
2967,7
2968,5
2969,2
2970,7
2971,11
2972,14
2973,12
2974,5
2975,10
2976,3
2977,7
2978,2
2979,7
2980,3
2981,1
2982,5
2983,13
2984,5
2985,3
2986,15
2987,7
2988,17
2989,1
2990,4
2991,8
2992,9
2993,7
2994,6
2995,10
2996,10
2997,2
2998,3
2999,7
3000,4
3001,12
3002,16
3003,10
3004,5
3005,8
3006,3
3007,7
3008,5
3009,1
3010,8
3011,10
3012,8
3013,4
3014,16
3015,4
3016,12
3017,16
3018,4
3019,7
3020,12
3021,13
3022,3
3023,13
3024,9
3025,1
3026,6
3027,9
3028,4
3029,8
3030,11
3031,16
3032,14
3033,5
3034,5
3035,7
3036,16
3037,6
3038,5
3039,14
3040,17
3041,3
3042,11
3043,11
3044,5
3045,3
3046,2
3047,15
3048,6
3049,4
3050,8
3051,3
3052,12
3053,1
3054,9
3055,14
3056,12
3057,3
3058,9
3059,1
3060,7
3061,13
3062,3
3063,16
3064,9
3065,9
3066,7
3067,3
3068,8
3069,17
3070,-1
3071,8
3072,13
3073,5
3074,3
3075,7
3076,4
3077,-1
3078,9
3079,-1
3080,13
3081,14
3082,2
3083,13
3084,9
3085,13
3086,5
3087,10
3088,2
3089,10
3090,13
3091,5
3092,4
3093,6
3094,1
3095,12
3096,17
3097,9
3098,5
3099,2
3100,1
3101,3
3102,9
3103,2
3104,1
3105,5
3106,13
3107,0
3108,7
3109,12
3110,7
3111,5
3112,13
3113,5
3114,7
3115,-1
3116,6
3117,9
3118,9
3119,5
3120,13
3121,3
3122,5
3123,5
3124,7
3125,7
3126,8
3127,3
3128,10
3129,1
3130,13
3131,6
3132,7
3133,0
3134,9
3135,6
3136,5
3137,13
3138,7
3139,4
3140,1
3141,9
3142,12
3143,3
3144,10
3145,5
3146,13
3147,4
3148,3
3149,3
3150,11
3151,1
3152,4
3153,9
3154,13
3155,8
3156,6
3157,15
3158,12
3159,4
3160,18
3161,7
3162,1
3163,2
3164,0
3165,5
3166,7
3167,-1
3168,12
3169,0
3170,7
3171,6
3172,5
3173,15
3174,5
3175,4
3176,14
3177,3
3178,13
3179,2
3180,17
3181,14
3182,6
3183,5
3184,3
3185,5
3186,13
3187,5
3188,0
3189,9
3190,4
3191,2
3192,6
3193,14
3194,7
3195,2
3196,0
3197,5
3198,12
3199,6
3200,5
3201,1
3202,9
3203,5
3204,11
3205,2
3206,8
3207,14
3208,2
3209,21
3210,-1
3211,14
3212,1
3213,6
3214,2
3215,11
3216,5
3217,1
3218,9
3219,18
3220,2
3221,3
3222,14
3223,16
3224,4
3225,10
3226,10
3227,10
3228,4
3229,3
3230,8
3231,7
3232,6
3233,4
3234,14
3235,5
3236,1
3237,9
3238,13
3239,1
3240,9
3241,2
3242,4
3243,11
3244,7
3245,3
3246,3
3247,5
3248,2
3249,3
3250,7
3251,4
3252,5
3253,6
3254,15
3255,9
3256,3
3257,9
3258,1
3259,10
3260,5
3261,7
3262,14
3263,11
3264,7
3265,9
3266,3
3267,8
3268,9
3269,7
3270,17
3271,10
3272,6
3273,4
3274,3
3275,5
3276,0
3277,2
3278,11
3279,2
3280,7
3281,15
3282,4
3283,3
3284,1
3285,13
3286,15
3287,3
3288,2
3289,5
3290,5
3291,14
3292,1
3293,8
3294,6
3295,9
3296,5
3297,3
3298,7
3299,10
3300,6
3301,17
3302,11
3303,14
3304,1
3305,2
3306,0
3307,1
3308,4
3309,2
3310,13
3311,8
3312,-1
3313,11
3314,4
3315,1
3316,15
3317,8
3318,4
3319,4
3320,4
3321,5
3322,4
3323,11
3324,12
3325,3
3326,10
3327,10
3328,4
3329,2
3330,13
3331,1
3332,6
3333,2
3334,2
3335,5
3336,8
3337,6
3338,7
3339,0
3340,9
3341,16
3342,2
3343,2
3344,12
3345,16
3346,3
3347,4
3348,4
3349,8
3350,1
3351,3
3352,3
3353,2
3354,2
3355,4
3356,11
3357,3
3358,5
3359,5
3360,8
3361,2
3362,1
3363,9
3364,6
3365,0
3366,6
3367,2
3368,8
3369,2
3370,7
3371,12
3372,14
3373,9
3374,2
3375,3
3376,5
3377,10
3378,2
3379,2
3380,12
3381,8
3382,1
3383,13
3384,17
3385,3
3386,11
3387,4
3388,0
3389,3
3390,12
3391,14
3392,-1
3393,9
3394,14
3395,4
3396,14
3397,17
3398,7
3399,3
3400,7
3401,17
3402,12
3403,5
3404,0
3405,10
3406,7
3407,8
3408,9
3409,6
3410,0
3411,9
3412,14
3413,1
3414,6
3415,6
3416,4
3417,1
3418,3
3419,5
3420,6
3421,12
3422,15
3423,13
3424,6
3425,6
3426,5
3427,10
3428,7
3429,22
3430,9
3431,9
3432,14
3433,3
3434,3
3435,9
3436,9
3437,14
3438,8
3439,12
3440,3
3441,7
3442,8
3443,8
3444,3
3445,1
3446,11
3447,4
3448,5
3449,1
3450,9
3451,5
3452,4
3453,3
3454,8
3455,2
3456,3
3457,12
3458,15
3459,5
3460,2
3461,9
3462,3
3463,4
3464,4
3465,6
3466,4
3467,17
3468,1
3469,6
3470,6
3471,15
3472,3
3473,19
3474,6
3475,5
3476,12
3477,3
3478,9
3479,2
3480,12
3481,4
3482,9
3483,1
3484,1
3485,5
3486,6
3487,3
3488,18
3489,8
3490,0
3491,5
3492,13
3493,0
3494,5
3495,0
3496,1
3497,6
3498,4
3499,10
3500,8
3501,14
3502,13
3503,8
3504,22
3505,14
3506,7
3507,1
3508,8
3509,3
3510,1
3511,7
3512,3
3513,15
3514,1
3515,5
3516,13
3517,9
3518,7
3519,5
3520,3
3521,11
3522,3
3523,13
3524,13
3525,14
3526,3
3527,7
3528,20
3529,6
3530,15
3531,3
3532,0
3533,10
3534,11
3535,3
3536,2
3537,4
3538,9
3539,1
3540,15
3541,12
3542,10
3543,6
3544,6
3545,11
3546,4
3547,3
3548,12
3549,7
3550,6
3551,16
3552,21
3553,6
3554,5
3555,3
3556,6
3557,9
3558,8
3559,2
3560,12
3561,2
3562,7
3563,11
3564,9
3565,9
3566,5
3567,1
3568,11
3569,13
3570,15
3571,11
3572,4
3573,2
3574,1
3575,4
3576,8
3577,1
3578,8
3579,0
3580,6
3581,6
3582,3
3583,4
3584,4
3585,19
3586,16
3587,4
3588,5
3589,1
3590,6
3591,2
3592,3
3593,20
3594,11
3595,3
3596,10
3597,3
3598,3
3599,8
3600,5
3601,13
3602,3
3603,6
3604,11
3605,7
3606,4
3607,16
3608,9
3609,5
3610,16
3611,4
3612,13
3613,16
3614,9
3615,13
3616,11
3617,9
3618,3
3619,11
3620,0
3621,8
3622,0
3623,5
3624,8
3625,7
3626,8
3627,6
3628,2
3629,6
3630,2
3631,9
3632,8
3633,22
3634,4
3635,-1
3636,1
3637,-1
3638,14
3639,7
3640,9
3641,12
3642,8
3643,16
3644,1
3645,19
3646,8
3647,15
3648,14
3649,9
3650,0
3651,5
3652,1
3653,8
3654,16
3655,15
3656,1
3657,12
3658,7
3659,6
3660,10
3661,4
3662,3
3663,8
3664,9
3665,6
3666,2
3667,14
3668,3
3669,5
3670,1
3671,13
3672,8
3673,5
3674,11
3675,1
3676,4
3677,7
3678,3
3679,4
3680,7
3681,7
3682,4
3683,16
3684,20
3685,15
3686,5
3687,13
3688,11
3689,14
3690,2
3691,10
3692,3
3693,1
3694,15
3695,12
3696,7
3697,7
3698,1
3699,10
3700,1
3701,15
3702,9
3703,2
3704,9
3705,5
3706,4
3707,18
3708,5
3709,9
3710,4
3711,8
3712,7
3713,6
3714,6
3715,3
3716,8
3717,11
3718,5
3719,8
3720,1
3721,13
3722,1
3723,4
3724,14
3725,14
3726,15
3727,8
3728,3
3729,4
3730,4
3731,14
3732,1
3733,10
3734,12
3735,14
3736,1
3737,9
3738,7
3739,5
3740,14
3741,3
3742,13
3743,3
3744,1
3745,1
3746,8
3747,3
3748,5
3749,5
3750,10
3751,6
3752,5
3753,12
3754,4
3755,18
3756,10
3757,6
3758,19
3759,9
3760,7
3761,18
3762,11
3763,4
3764,7
3765,2
3766,2
3767,8
3768,13
3769,9
3770,6
3771,9
3772,8
3773,5
3774,7
3775,15
3776,13
3777,3
3778,2
3779,3
3780,14
3781,5
3782,1
3783,1
3784,2
3785,11
3786,12
3787,16
3788,2
3789,4
3790,13
3791,2
3792,5
3793,11
3794,2
3795,15
3796,3
3797,9
3798,-1
3799,4
3800,3
3801,16
3802,8
3803,8
3804,9
3805,7
3806,3
3807,2
3808,12
3809,16
3810,15
3811,0
3812,14
3813,4
3814,1
3815,20
3816,4
3817,10
3818,7
3819,6
3820,7
3821,0
3822,8
3823,4
3824,6
3825,10
3826,3
3827,8
3828,19
3829,5
3830,10
3831,1
3832,3
3833,12
3834,9
3835,10
3836,0
3837,6
3838,2
3839,16
3840,18
3841,15
3842,4
3843,2
3844,9
3845,9
3846,12
3847,3
3848,13
3849,4
3850,1
3851,9
3852,-1
3853,13
3854,15
3855,9
3856,17
3857,3
3858,5
3859,11
3860,18
3861,9
3862,4
3863,18
3864,9
3865,9
3866,6
3867,2
3868,3
3869,1
3870,5
3871,3
3872,14
3873,3
3874,3
3875,2
3876,11
3877,2
3878,12
3879,0
3880,13
3881,3
3882,4
3883,11
3884,13
3885,19
3886,2
3887,0
3888,2
3889,8
3890,3
3891,4
3892,6
3893,4
3894,0
3895,5
3896,9
3897,6
3898,14
3899,16
3900,15
3901,3
3902,12
3903,2
3904,1
3905,4
3906,8
3907,15
3908,7
3909,16
3910,6
3911,2
3912,3
3913,0
3914,4
3915,8
3916,7
3917,4
3918,5
3919,16
3920,16
3921,15
3922,1
3923,5
3924,15
3925,5
3926,3
3927,7
3928,2
3929,14
3930,8
3931,13
3932,13
3933,6
3934,7
3935,8
3936,18
3937,5
3938,3
3939,5
3940,8
3941,16
3942,8
3943,11
3944,15
3945,3
3946,15
3947,2
3948,11
3949,6
3950,4
3951,13
3952,3
3953,13
3954,3
3955,13
3956,2
3957,6
3958,14
3959,4
3960,9
3961,4
3962,3
3963,13
3964,2
3965,15
3966,4
3967,12
3968,3
3969,13
3970,6
3971,3
3972,6
3973,2
3974,7
3975,5
3976,17
3977,10
3978,14
3979,5
3980,2
3981,2
3982,2
3983,19
3984,2
3985,4
3986,6
3987,1
3988,0
3989,7
3990,6
3991,2
3992,10
3993,12
3994,2
3995,2
3996,11
3997,10
3998,9
3999,18
4000,30
4001,4
4002,1
4003,2
4004,3
4005,8
4006,7
4007,5
4008,-1
4009,9
4010,3
4011,9
4012,7
4013,11
4014,7
4015,2
4016,8
4017,9
4018,3
4019,5
4020,0
4021,1
4022,13
4023,1
4024,2
4025,11
4026,2
4027,9
4028,18
4029,10
4030,16
4031,6
4032,16
4033,18
4034,4
4035,11
4036,5
4037,1
4038,7
4039,17
4040,15
4041,5
4042,2
4043,19
4044,16
4045,8
4046,14
4047,3
4048,4
4049,10
4050,1
4051,5
4052,7
4053,4
4054,7
4055,2
4056,7
4057,3
4058,7
4059,5
4060,15
4061,2
4062,4
4063,10
4064,7
4065,2
4066,6
4067,13
4068,0
4069,1
4070,6
4071,1
4072,4
4073,9
4074,0
4075,3
4076,11
4077,13
4078,17
4079,6
4080,8
4081,5
4082,2
4083,14
4084,15
4085,12
4086,4
4087,32
4088,1
4089,4
4090,5
4091,13
4092,7
4093,14
4094,12
4095,1
4096,4
4097,11
4098,6
4099,4
4100,2
4101,2
4102,4
4103,14
4104,9
4105,7
4106,2
4107,8
4108,10
4109,15
4110,16
4111,11
4112,2
4113,9
4114,9
4115,8
4116,16
4117,3
4118,2
4119,13
4120,3
4121,2
4122,15
4123,4
4124,16
4125,2
4126,4
4127,3
4128,2
4129,10
4130,4
4131,1
4132,2
4133,5
4134,14
4135,6
4136,3
4137,7
4138,12
4139,9
4140,1
4141,5
4142,6
4143,12
4144,14
4145,5
4146,11
4147,9
4148,3
4149,8
4150,4
4151,6
4152,4
4153,6
4154,8
4155,3
4156,5
4157,1
4158,15
4159,5
4160,8
4161,18
4162,8
4163,2
4164,7
4165,10
4166,3
4167,3
4168,5
4169,16
4170,3
4171,11
4172,0
4173,2
4174,12
4175,9
4176,-1
4177,10
4178,9
4179,10
4180,20
4181,12
4182,-1
4183,4
4184,9
4185,7
4186,1
4187,9
4188,4
4189,3
4190,5
4191,2
4192,5
4193,14
4194,1
4195,1
4196,12
4197,6
4198,6
4199,2
4200,5
4201,13
4202,3
4203,10
4204,1
4205,12
4206,8
4207,10
4208,12
4209,16
4210,5
4211,3
4212,3
4213,10
4214,2
4215,6
4216,6
4217,11
4218,0
4219,2
4220,4
4221,8
4222,6
4223,2
4224,3
4225,8
4226,17
4227,8
4228,17
4229,14
4230,3
4231,6
4232,6
4233,6
4234,5
4235,11
4236,4
4237,2
4238,9
4239,6
4240,3
4241,9
4242,11
4243,15
4244,12
4245,4
4246,2
4247,7
4248,5
4249,3
4250,12
4251,17
4252,2
4253,3
4254,4
4255,6
4256,10
4257,1
4258,11
4259,10
4260,3
4261,3
4262,11
4263,3
4264,3
4265,8
4266,6
4267,4
4268,10
4269,1
4270,12
4271,11
4272,4
4273,14
4274,1
4275,2
4276,4
4277,7
4278,21
4279,13
4280,6
4281,1
4282,12
4283,6
4284,8
4285,9
4286,14
4287,1
4288,7
4289,16
4290,18
4291,12
4292,3
4293,1
4294,6
4295,3
4296,5
4297,1
4298,1
4299,5
4300,8
4301,17
4302,7
4303,15
4304,15
4305,9
4306,5
4307,0
4308,2
4309,2
4310,13
4311,3
4312,15
4313,1
4314,2
4315,8
4316,2
4317,3
4318,12
4319,4
4320,16
4321,14
4322,10
4323,15
4324,0
4325,14
4326,8
4327,2
4328,16
4329,7
4330,2
4331,4
4332,3
4333,7
4334,4
4335,6
4336,2
4337,7
4338,5
4339,0
4340,8
4341,13
4342,4
4343,0
4344,13
4345,13
4346,2
4347,10
4348,0
4349,6
4350,4
4351,7
4352,15
4353,16
4354,23
4355,9
4356,7
4357,7
4358,4
4359,8
4360,8
4361,11
4362,12
4363,1
4364,1
4365,6
4366,6
4367,13
4368,9
4369,3
4370,6
4371,15
4372,5
4373,2
4374,16
4375,17
4376,3
4377,10
4378,2
4379,3
4380,6
4381,2
4382,1
4383,6
4384,2
4385,4
4386,8
4387,8
4388,21
4389,2
4390,5
4391,10
4392,15
4393,2
4394,0
4395,13
4396,11
4397,8
4398,8
4399,11
4400,13
4401,6
4402,12
4403,9
4404,15
4405,3
4406,6
4407,7
4408,1
4409,6
4410,4
4411,2
4412,3
4413,5
4414,9
4415,2
4416,17
4417,2
4418,7
4419,5
4420,12
4421,5
4422,7
4423,9
4424,14
4425,6
4426,6
4427,-1
4428,8
4429,2
4430,7
4431,14
4432,4
4433,8
4434,14
4435,16
4436,4
4437,14
4438,7
4439,6
4440,1
4441,1
4442,4
4443,12
4444,9
4445,17
4446,15
4447,-1
4448,12
4449,4
4450,8
4451,4
4452,2
4453,14
4454,6
4455,4
4456,9
4457,11
4458,1
4459,8
4460,12
4461,13
4462,9
4463,12
4464,12
4465,6
4466,3
4467,2
4468,12
4469,15
4470,6
4471,5
4472,4
4473,3
4474,9
4475,3
4476,3
4477,4
4478,17
4479,9
4480,8
4481,13
4482,2
4483,7
4484,2
4485,5
4486,2
4487,6
4488,2
4489,4
4490,18
4491,6
4492,1
4493,4
4494,14
4495,6
4496,8
4497,-1
4498,6
4499,9
4500,6
4501,7
4502,6
4503,3
4504,6
4505,3
4506,6
4507,8
4508,13
4509,9
4510,3
4511,14
4512,8
4513,15
4514,6
4515,8
4516,6
4517,10
4518,2
4519,1
4520,2
4521,2
4522,3
4523,4
4524,2
4525,0
4526,0
4527,7
4528,6
4529,7
4530,6
4531,7
4532,5
4533,8
4534,16
4535,7
4536,2
4537,7
4538,4
4539,3
4540,10
4541,7
4542,1
4543,0
4544,13
4545,1
4546,10
4547,5
4548,7
4549,10
4550,3
4551,9
4552,4
4553,7
4554,13
4555,13
4556,7
4557,2
4558,13
4559,4
4560,9
4561,14
4562,10
4563,17
4564,4
4565,5
4566,6
4567,5
4568,5
4569,2
4570,6
4571,11
4572,8
4573,8
4574,6
4575,4
4576,13
4577,12
4578,3
4579,17
4580,15
4581,1
4582,9
4583,12
4584,14
4585,13
4586,2
4587,17
4588,8
4589,17
4590,5
4591,1
4592,12
4593,4
4594,5
4595,16
4596,12
4597,2
4598,5
4599,2
4600,6
4601,15
4602,1
4603,7
4604,1
4605,4
4606,14
4607,1
4608,0
4609,10
4610,5
4611,5
4612,4
4613,17
4614,16
4615,11
4616,7
4617,10
4618,3
4619,11
4620,6
4621,6
4622,10
4623,4
4624,14
4625,6
4626,16
4627,4
4628,12
4629,-1
4630,16
4631,9
4632,4
4633,3
4634,1
4635,0
4636,16
4637,3
4638,8
4639,6
4640,9
4641,4
4642,4
4643,14
4644,8
4645,2
4646,1
4647,15
4648,13
4649,2
4650,11
4651,5
4652,3
4653,0
4654,7
4655,4
4656,12
4657,6
4658,8
4659,5
4660,6
4661,7
4662,7
4663,13
4664,1
4665,12
4666,6
4667,5
4668,5
4669,4
4670,8
4671,3
4672,4
4673,3
4674,5
4675,13
4676,4
4677,7
4678,7
4679,13
4680,10
4681,6
4682,3
4683,5
4684,2
4685,13
4686,9
4687,15
4688,8
4689,2
4690,4
4691,8
4692,12
4693,7
4694,16
4695,2
4696,5
4697,1
4698,5
4699,2
4700,18
4701,6
4702,5
4703,1
4704,5
4705,2
4706,7
4707,5
4708,4
4709,7
4710,12
4711,9
4712,12
4713,11
4714,0
4715,16
4716,6
4717,18
4718,3
4719,8
4720,17
4721,3
4722,4
4723,5
4724,15
4725,3
4726,8
4727,3
4728,2
4729,4
4730,7
4731,10
4732,11
4733,0
4734,7
4735,8
4736,9
4737,3
4738,1
4739,14
4740,15
4741,21
4742,9
4743,12
4744,8
4745,2
4746,7
4747,5
4748,9
4749,4
4750,15
4751,11
4752,3
4753,16
4754,10
4755,7
4756,1
4757,11
4758,12
4759,4
4760,7
4761,4
4762,10
4763,4
4764,1
4765,9
4766,9
4767,16
4768,5
4769,9
4770,0
4771,10
4772,8
4773,3
4774,11
4775,10
4776,5
4777,1
4778,12
4779,7
4780,13
4781,6
4782,1
4783,14
4784,7
4785,6
4786,10
4787,9
4788,15
4789,3
4790,7
4791,6
4792,3
4793,6
4794,9
4795,1
4796,2
4797,2
4798,2
4799,3
4800,0
4801,0
4802,8
4803,15
4804,7
4805,4
4806,9
4807,6
4808,8
4809,26
4810,12
4811,8
4812,6
4813,14
4814,4
4815,5
4816,3
4817,13
4818,7
4819,2
4820,3
4821,1
4822,10
4823,19
4824,5
4825,0
4826,5
4827,15
4828,7
4829,0
4830,7
4831,4
4832,4
4833,2
4834,15
4835,13
4836,6
4837,12
4838,2
4839,3
4840,6
4841,7
4842,4
4843,8
4844,4
4845,14
4846,1
4847,5
4848,5
4849,15
4850,14
4851,3
4852,13
4853,2
4854,1
4855,17
4856,2
4857,3
4858,2
4859,13
4860,5
4861,3
4862,15
4863,6
4864,16
4865,9
4866,5
4867,15
4868,6
4869,5
4870,6
4871,9
4872,2
4873,-1
4874,15
4875,2
4876,7
4877,13
4878,7
4879,16
4880,15
4881,10
4882,1
4883,3
4884,7
4885,3
4886,14
4887,17
4888,4
4889,8
4890,18
4891,5
4892,3
4893,3
4894,8
4895,15
4896,2
4897,9
4898,11
4899,6
4900,9
4901,9
4902,8
4903,3
4904,4
4905,8
4906,2
4907,0
4908,12
4909,3
4910,13
4911,8
4912,9
4913,9
4914,12
4915,10
4916,8
4917,4
4918,13
4919,12
4920,9
4921,1
4922,15
4923,4
4924,1
4925,3
4926,2
4927,10
4928,8
4929,13
4930,0
4931,7
4932,17
4933,12
4934,1
4935,3
4936,8
4937,4
4938,5
4939,17
4940,17
4941,13
4942,7
4943,8
4944,13
4945,12
4946,11
4947,14
4948,2
4949,17
4950,13
4951,5
4952,9
4953,6
4954,3
4955,6
4956,1
4957,16
4958,6
4959,6
4960,12
4961,8
4962,10
4963,6
4964,12
4965,8
4966,9
4967,4
4968,4
4969,8
4970,8
4971,4
4972,0
4973,7
4974,7
4975,10
4976,3
4977,7
4978,4
4979,3
4980,8
4981,7
4982,4
4983,9
4984,12
4985,15
4986,7
4987,2
4988,17
4989,8
4990,1
4991,7
4992,6
4993,2
4994,6
4995,5
4996,6
4997,4
4998,2
4999,6
5000,6
5001,11
5002,4
5003,4
5004,1
5005,14
5006,0
5007,6
5008,5
5009,9
5010,0
5011,5
5012,6
5013,15
5014,9
5015,14
5016,5
5017,4
5018,6
5019,1
5020,11
5021,13
5022,15
5023,7
5024,13
5025,9
5026,2
5027,3
5028,-1
5029,4
5030,1
5031,14
5032,10
5033,6
5034,14
5035,4
5036,1
5037,2
5038,14
5039,9
5040,6
5041,9
5042,5
5043,9
5044,2
5045,13
5046,2
5047,9
5048,3
5049,1
5050,4
5051,0
5052,1
5053,6
5054,3
5055,7
5056,3
5057,3
5058,9
5059,5
5060,6
5061,3
5062,5
5063,4
5064,12
5065,20
5066,4
5067,21
5068,6
5069,7
5070,11
5071,12
5072,6
5073,4
5074,4
5075,13
5076,3
5077,1
5078,8
5079,14
5080,2
5081,7
5082,8
5083,14
5084,13
5085,5
5086,1
5087,2
5088,3
5089,8
5090,8
5091,13
5092,5
5093,0
5094,8
5095,5
5096,15
5097,6
5098,15
5099,0
5100,4
5101,5
5102,17
5103,1
5104,18
5105,5
5106,11
5107,6
5108,5
5109,3
5110,16
5111,12
5112,14
5113,9
5114,2
5115,16
5116,7
5117,6
5118,8
5119,1
5120,8
5121,18
5122,1
5123,0
5124,7
5125,6
5126,15
5127,3
5128,9
5129,16
5130,7
5131,1
5132,5
5133,17
5134,4
5135,9
5136,5
5137,2
5138,7
5139,6
5140,4
5141,8
5142,7
5143,12
5144,14
5145,16
5146,16
5147,9
5148,-1
5149,10
5150,1
5151,4
5152,10
5153,14
5154,8
5155,3
5156,3
5157,13
5158,8
5159,6
5160,6
5161,6
5162,14
5163,7
5164,12
5165,9
5166,18
5167,6
5168,9
5169,2
5170,5
5171,4
5172,8
5173,5
5174,9
5175,1
5176,3
5177,14
5178,7
5179,3
5180,11
5181,7
5182,9
5183,1
5184,8
5185,3
5186,4
5187,5
5188,14
5189,7
5190,-1
5191,12
5192,6
5193,6
5194,7
5195,14
5196,19
5197,14
5198,1
5199,6
5200,7
5201,14
5202,3
5203,6
5204,7
5205,5
5206,8
5207,5
5208,7
5209,12
5210,4
5211,15
5212,1
5213,3
5214,7
5215,14
5216,9
5217,4
5218,9
5219,4
5220,2
5221,4
5222,2
5223,1
5224,5
5225,11
5226,6
5227,-1
5228,13
5229,10
5230,12
5231,6
5232,8
5233,4
5234,12
5235,3
5236,14
5237,5
5238,4
5239,4
5240,5
5241,0
5242,2
5243,5
5244,9
5245,6
5246,12
5247,8
5248,4
5249,1
5250,16
5251,12
5252,2
5253,6
5254,3
5255,17
5256,17
5257,4
5258,13
5259,1
5260,5
5261,0
5262,3
5263,8
5264,6
5265,6
5266,1
5267,6
5268,2
5269,10
5270,10
5271,14
5272,8
5273,6
5274,3
5275,2
5276,2
5277,4
5278,13
5279,9
5280,14
5281,1
5282,11
5283,13
5284,13
5285,4
5286,5
5287,12
5288,6
5289,3
5290,4
5291,3
5292,3
5293,3
5294,9
5295,0
5296,5
5297,6
5298,5
5299,2
5300,3
5301,10
5302,8
5303,5
5304,4
5305,7
5306,-1
5307,14
5308,1
5309,2
5310,5
5311,6
5312,1
5313,18
5314,3
5315,3
5316,8
5317,13
5318,2
5319,7
5320,9
5321,14
5322,7
5323,1
5324,15
5325,5
5326,1
5327,3
5328,1
5329,1
5330,2
5331,4
5332,0
5333,6
5334,1
5335,1
5336,2
5337,1
5338,4
5339,8
5340,12
5341,10
5342,4
5343,6
5344,14
5345,5
5346,13
5347,7
5348,1
5349,0
5350,1
5351,16
5352,3
5353,16
5354,8
5355,1
5356,12
5357,12
5358,3
5359,8
5360,2
5361,2
5362,7
5363,12
5364,11
5365,2
5366,11
5367,13
5368,11
5369,1
5370,6
5371,11
5372,2
5373,1
5374,14
5375,3
5376,16
5377,7
5378,14
5379,6
5380,3
5381,8
5382,2
5383,12
5384,5
5385,5
5386,2
5387,15
5388,15
5389,13
5390,3
5391,6
5392,10
5393,7
5394,9
5395,9
5396,19
5397,3
5398,3
5399,5
5400,8
5401,8
5402,2
5403,2
5404,4
5405,3
5406,11
5407,18
5408,2
5409,10
5410,4
5411,1
5412,5
5413,8
5414,4
5415,2
5416,2
5417,14
5418,9
5419,2
5420,6
5421,4
5422,6
5423,0
5424,5
5425,4
5426,7
5427,2
5428,6
5429,17
5430,4
5431,13
5432,6
5433,7
5434,2
5435,-1
5436,7
5437,3
5438,1
5439,13
5440,3
5441,5
5442,9
5443,2
5444,7
5445,2
5446,7
5447,6
5448,6
5449,7
5450,1
5451,9
5452,11
5453,4
5454,4
5455,6
5456,15
5457,1
5458,11
5459,5
5460,2
5461,7
5462,8
5463,7
5464,13
5465,5
5466,16
5467,1
5468,4
5469,8
5470,7
5471,7
5472,2
5473,6
5474,4
5475,7
5476,18
5477,0
5478,8
5479,7
5480,2
5481,19
5482,6
5483,6
5484,7
5485,1
5486,17
5487,6
5488,0
5489,10
5490,3
5491,7
5492,4
5493,10
5494,13
5495,5
5496,15
5497,17
5498,7
5499,12
5500,4
5501,16
5502,2
5503,4
5504,5
5505,6
5506,7
5507,2
5508,17
5509,8
5510,2
5511,1
5512,6
5513,11
5514,6
5515,3
5516,3
5517,4
5518,4
5519,4
5520,9
5521,8
5522,14
5523,3
5524,1
5525,8
5526,6
5527,12
5528,14
5529,0
5530,3
5531,4
5532,12
5533,16
5534,14
5535,4
5536,3
5537,8
5538,8
5539,5
5540,3
5541,10
5542,3
5543,3
5544,10
5545,0
5546,12
5547,17
5548,5
5549,8
5550,9
5551,5
5552,3
5553,13
5554,1
5555,3
5556,14
5557,6
5558,5
5559,15
5560,2
5561,4
5562,8
5563,5
5564,15
5565,3
5566,5
5567,5
5568,6
5569,1
5570,8
5571,8
5572,13
5573,8
5574,2
5575,8
5576,5
5577,6
5578,6
5579,16
5580,1
5581,3
5582,10
5583,5
5584,14
5585,6
5586,13
5587,15
5588,3
5589,6
5590,2
5591,7
5592,5
5593,17
5594,14
5595,13
5596,12
5597,5
5598,8
5599,3
5600,10
5601,7
5602,3
5603,3
5604,3
5605,4
5606,6
5607,3
5608,9
5609,11
5610,-1
5611,6
5612,16
5613,12
5614,7
5615,1
5616,3
5617,6
5618,0
5619,11
5620,5
5621,6
5622,13
5623,3
5624,3
5625,3
5626,2
5627,12
5628,8
5629,1
5630,7
5631,7
5632,10
5633,7
5634,4
5635,7
5636,14
5637,2
5638,10
5639,10
5640,5
5641,1
5642,13
5643,3
5644,16
5645,3
5646,15
5647,-1
5648,11
5649,9
5650,5
5651,5
5652,7
5653,0
5654,0
5655,0
5656,3
5657,2
5658,7
5659,5
5660,2
5661,10
5662,5
5663,3
5664,6
5665,8
5666,2
5667,5
5668,7
5669,13
5670,3
5671,7
5672,2
5673,3
5674,4
5675,1
5676,3
5677,4
5678,0
5679,0
5680,14
5681,7
5682,18
5683,4
5684,11
5685,6
5686,11
5687,1
5688,16
5689,0
5690,3
5691,20
5692,12
5693,3
5694,8
5695,8
5696,0
5697,7
5698,16
5699,20
5700,18
5701,5
5702,1
5703,3
5704,5
5705,1
5706,3
5707,15
5708,1
5709,3
5710,6
5711,5
5712,4
5713,7
5714,15
5715,18
5716,1
5717,7
5718,1
5719,7
5720,9
5721,7
5722,8
5723,2
5724,10
5725,8
5726,8
5727,5
5728,8
5729,10
5730,3
5731,11
5732,0
5733,14
5734,10
5735,5
5736,6
5737,4
5738,7
5739,11
5740,6
5741,9
5742,16
5743,5
5744,5
5745,7
5746,16
5747,6
5748,4
5749,3
5750,7
5751,8
5752,14
5753,10
5754,5
5755,6
5756,8
5757,14
5758,16
5759,11
5760,12
5761,6
5762,11
5763,0
5764,3
5765,4
5766,14
5767,0
5768,5
5769,3
5770,3
5771,4
5772,6
5773,9
5774,3
5775,3
5776,11
5777,5
5778,9
5779,5
5780,14
5781,9
5782,1
5783,6
5784,7
5785,2
5786,8
5787,15
5788,4
5789,9
5790,5
5791,9
5792,3
5793,4
5794,5
5795,3
5796,8
5797,6
5798,5
5799,8
5800,5
5801,5
5802,6
5803,22
5804,14
5805,4
5806,11
5807,4
5808,4
5809,8
5810,16
5811,16
5812,10
5813,3
5814,12
5815,5
5816,9
5817,6
5818,9
5819,9
5820,1
5821,13
5822,6
5823,15
5824,3
5825,6
5826,1
5827,0
5828,4
5829,5
5830,21
5831,4
5832,1
5833,16
5834,4
5835,3
5836,8
5837,4
5838,1
5839,3
5840,6
5841,7
5842,9
5843,17
5844,3
5845,8
5846,7
5847,5
5848,16
5849,3
5850,10
5851,8
5852,10
5853,9
5854,4
5855,2
5856,15
5857,6
5858,5
5859,12
5860,7
5861,8
5862,5
5863,2
5864,2
5865,4
5866,2
5867,4
5868,2
5869,4
5870,13
5871,8
5872,11
5873,6
5874,16
5875,11
5876,3
5877,10
5878,1
5879,8
5880,4
5881,13
5882,3
5883,2
5884,7
5885,9
5886,4
5887,2
5888,4
5889,7
5890,9
5891,9
5892,0
5893,4
5894,2
5895,6
5896,1
5897,11
5898,3
5899,12
5900,6
5901,19
5902,10
5903,15
5904,0
5905,5
5906,22
5907,15
5908,3
5909,14
5910,1
5911,1
5912,8
5913,7
5914,10
5915,14
5916,17
5917,8
5918,2
5919,3
5920,14
5921,0
5922,10
5923,4
5924,5
5925,10
5926,3
5927,11
5928,0
5929,13
5930,2
5931,10
5932,11
5933,13
5934,5
5935,16
5936,7
5937,19
5938,17
5939,11
5940,14
5941,10
5942,1
5943,2
5944,5
5945,-1
5946,13
5947,3
5948,6
5949,8
5950,0
5951,7
5952,2
5953,5
5954,17
5955,10
5956,2
5957,16
5958,4
5959,3
5960,8
5961,10
5962,3
5963,5
5964,3
5965,3
5966,1
5967,17
5968,3
5969,2
5970,18
5971,21
5972,7
5973,3
5974,8
5975,4
5976,1
5977,14
5978,14
5979,7
5980,3
5981,5
5982,2
5983,10
5984,10
5985,14
5986,2
5987,2
5988,3
5989,5
5990,9
5991,1
5992,2
5993,7
5994,11
5995,17
5996,16
5997,14
5998,9
5999,3
